insert into INGREDIENT(ID, NAME, VEGETARIAN, ADDED_BY, LASTUPDATE)
values (10001, 'Onion', true, 'arun', CURRENT_TIMESTAMP);

insert into INGREDIENT(ID, NAME, VEGETARIAN, ADDED_BY, LASTUPDATE)
values (10002, 'tomato', true, 'arun', CURRENT_TIMESTAMP);

insert into INGREDIENT(ID, NAME, VEGETARIAN, ADDED_BY, LASTUPDATE)
values (10003, 'egg', false, 'arun', CURRENT_TIMESTAMP);

insert into INGREDIENT(ID, NAME, VEGETARIAN, ADDED_BY, LASTUPDATE)
values (10004, 'chicken', false, 'arun', CURRENT_TIMESTAMP);

insert into INGREDIENT(ID, NAME, VEGETARIAN, ADDED_BY, LASTUPDATE)
values (10005, 'rice', true, 'arun', CURRENT_TIMESTAMP);

insert into INGREDIENT(ID, NAME, VEGETARIAN, ADDED_BY, LASTUPDATE)
values (10006, 'fish', false, 'arun', CURRENT_TIMESTAMP);

insert into INGREDIENT(ID, NAME, VEGETARIAN, ADDED_BY, LASTUPDATE)
values (10007, 'cabbage', true, 'arun', CURRENT_TIMESTAMP);

insert into INGREDIENT(ID, NAME, VEGETARIAN, ADDED_BY, LASTUPDATE)
values (10008, 'pasta', true, 'arun', CURRENT_TIMESTAMP);

insert into INGREDIENT(ID, NAME, VEGETARIAN, ADDED_BY, LASTUPDATE)
values (10009, 'noodles', true, 'arun', CURRENT_TIMESTAMP);

insert into INGREDIENT(ID, NAME, VEGETARIAN, ADDED_BY, LASTUPDATE)
values (10010, 'curd', true, 'arun', CURRENT_TIMESTAMP);

insert into INGREDIENT(ID, NAME, VEGETARIAN, ADDED_BY, LASTUPDATE)
values (10011, 'lemon', true, 'arun', CURRENT_TIMESTAMP);


insert into RECIPE(ID, NAME,RECIPE_KEY, VEGETARIAN, CREATED_BY,SERVING,INSTRUCTIONS, LASTUPDATE)
values (100001, 'tomato rice', 'tom_sfria',true, 'arun',2,'tomato+rice', CURRENT_TIMESTAMP);

insert into RECIPE(ID, NAME,RECIPE_KEY, VEGETARIAN, CREATED_BY,SERVING,INSTRUCTIONS, LASTUPDATE)
values (100002, 'chicken rice', 'chi_sfria',false, 'arun',5,'chicken+rice', CURRENT_TIMESTAMP);

insert into RECIPE(ID, NAME,RECIPE_KEY, VEGETARIAN, CREATED_BY,SERVING,INSTRUCTIONS, LASTUPDATE)
values (100003, 'egg rice', 'egg_sfcdveria',false, 'arun',3,'egg+rice', CURRENT_TIMESTAMP);

insert into RECIPE(ID, NAME,RECIPE_KEY, VEGETARIAN, CREATED_BY,SERVING,INSTRUCTIONS, LASTUPDATE)
values (100004, 'tomato onion salad', 'tom_saawcfria',true, 'arun',10,'tomato+onion', CURRENT_TIMESTAMP);


insert into RECIPE_INGREDIENT_RELATION_MAP(ID, RECIPE_ID, INGREDIENT_ID, LAST_UPDATE)
values (1001, 100001, 10002,  CURRENT_TIMESTAMP);

insert into RECIPE_INGREDIENT_RELATION_MAP(ID, RECIPE_ID, INGREDIENT_ID, LAST_UPDATE)
values (1002, 100001, 10005, CURRENT_TIMESTAMP);

insert into RECIPE_INGREDIENT_RELATION_MAP(ID, RECIPE_ID, INGREDIENT_ID, LAST_UPDATE)
values (1003, 100002, 10005, CURRENT_TIMESTAMP);

insert into RECIPE_INGREDIENT_RELATION_MAP(ID, RECIPE_ID, INGREDIENT_ID, LAST_UPDATE)
values (1004, 100002, 10004, CURRENT_TIMESTAMP);

insert into RECIPE_INGREDIENT_RELATION_MAP(ID, RECIPE_ID, INGREDIENT_ID, LAST_UPDATE)
values (1005, 100003, 10005, CURRENT_TIMESTAMP);

insert into RECIPE_INGREDIENT_RELATION_MAP(ID, RECIPE_ID, INGREDIENT_ID, LAST_UPDATE)
values (1006, 100003, 10003, CURRENT_TIMESTAMP);

insert into RECIPE_INGREDIENT_RELATION_MAP(ID, RECIPE_ID, INGREDIENT_ID, LAST_UPDATE)
values (1007, 100004, 10001, CURRENT_TIMESTAMP);

insert into RECIPE_INGREDIENT_RELATION_MAP(ID, RECIPE_ID, INGREDIENT_ID, LAST_UPDATE)
values (1008, 100004, 10002, CURRENT_TIMESTAMP);